funcaoHash,tamanhoConjuntoDados,tempoInsercao
HashRehashing,100000,10.21853
HashRehashing,1000000,162.39717
HashRehashing,10000000,2439.3547
HashEncadeamento,100000,14.809162
HashEncadeamento,1000000,161.5278
HashEncadeamento,10000000,2165.392
HashDuplo,100000,10.579737
HashDuplo,1000000,205.18259
HashDuplo,10000000,2839.3418
