funcaoHash,tamanhoConjuntoDados,tempoBusca
HashRehashing,100000,20.765265
HashRehashing,1000000,233.44122
HashRehashing,10000000,917.4382
HashEncadeamento,100000,4.239368
HashEncadeamento,1000000,147.14815
HashEncadeamento,10000000,18883.326
HashDuplo,100000,10.575306
HashDuplo,1000000,114.1531
HashDuplo,10000000,1171.8794
