funcaoHash,tamanhoConjuntoDados,tempoInsercao
HashRehashing,100000,41.352554
HashRehashing,1000000,27.191383
HashRehashing,10000000,19.04624
HashEncadeamento,100000,16.924286
HashEncadeamento,1000000,626.1174
HashEncadeamento,10000000,27085.926
HashDuplo,100000,18.661608
HashDuplo,1000000,9.703239
HashDuplo,10000000,10.21372
