funcaoHash,tamanhoConjuntoDados,tempoBusca
HashRehashing,100000,56.302628
HashRehashing,1000000,435.17514
HashRehashing,10000000,1784.7913
HashEncadeamento,100000,5.864413
HashEncadeamento,1000000,235.96443
HashEncadeamento,10000000,18388.527
HashDuplo,100000,21.200872
HashDuplo,1000000,342.8535
HashDuplo,10000000,2713.112
